cluster,domain
1,"People, Work & Living Conditions"
2,Money & Markets
3,Health & Safety
4,Money & Markets
5,Transports
6,Living Well
7,Environment & Natural Resources and Production
8,Money & Markets
9,Environment & Natural Resources and Production
10,Learning & Education
11,Environment & Natural Resources and Production
12,Money & Markets
13,Money & Markets
14,Health & Safety
15,"People, Work & Living Conditions"
16,"People, Work & Living Conditions"
17,Tech & Innovation
18,Environment & Natural Resources and Production
19,Money & Markets
20,"People, Work & Living Conditions"
21,Environment & Natural Resources and Production
22,Transports
23,Transports
24,Money & Markets
25,Environment & Natural Resources and Production
26,Transports
27,Money & Markets
28,Health & Safety
30,Money & Markets
31,Environment & Natural Resources and Production
32,Transports
34,Money & Markets
35,Money & Markets
36,Money & Markets
37,"People, Work & Living Conditions"
38,Health & Safety
39,Health & Safety
40,"People, Work & Living Conditions"
41,Health & Safety
43,Health & Safety
44,Transports
45,Health & Safety
46,Living Well
47,"People, Work & Living Conditions"
48,"People, Work & Living Conditions"
50,"People, Work & Living Conditions"
51,"People, Work & Living Conditions"
52,Tech & Innovation
53,Learning & Education
54,"People, Work & Living Conditions"
55,"People, Work & Living Conditions"
56,"People, Work & Living Conditions"
57,Learning & Education
58,"People, Work & Living Conditions"
60,"People, Work & Living Conditions"
61,"People, Work & Living Conditions"
62,Environment & Natural Resources and Production
63,"People, Work & Living Conditions"
64,Environment & Natural Resources and Production
65,Environment & Natural Resources and Production
66,Money & Markets
67,Transports
68,Transports
69,Environment & Natural Resources and Production
70,Environment & Natural Resources and Production
71,Environment & Natural Resources and Production
72,Transports
73,Environment & Natural Resources and Production
74,Transports
75,Transports
76,Transports
77,Transports
79,Health & Safety
80,"People, Work & Living Conditions"
81,Environment & Natural Resources and Production
83,Environment & Natural Resources and Production
84,Environment & Natural Resources and Production
85,Environment & Natural Resources and Production
86,Money & Markets
87,Environment & Natural Resources and Production
88,Environment & Natural Resources and Production
89,"People, Work & Living Conditions"
90,Learning & Education
91,Money & Markets
92,Environment & Natural Resources and Production
93,"People, Work & Living Conditions"
94,"People, Work & Living Conditions"
95,Environment & Natural Resources and Production
96,Environment & Natural Resources and Production
97,Money & Markets
98,Environment & Natural Resources and Production
99,"People, Work & Living Conditions"
100,Environment & Natural Resources and Production
101,Environment & Natural Resources and Production
103,Environment & Natural Resources and Production
104,"People, Work & Living Conditions"
106,Environment & Natural Resources and Production
107,Environment & Natural Resources and Production
109,Environment & Natural Resources and Production
110,Environment & Natural Resources and Production
111,"People, Work & Living Conditions"
112,Money & Markets
113,"People, Work & Living Conditions"
114,Living Well
115,Living Well
116,Money & Markets
117,"People, Work & Living Conditions"
118,"People, Work & Living Conditions"
119,"People, Work & Living Conditions"
120,"People, Work & Living Conditions"
121,"People, Work & Living Conditions"
123,Learning & Education
124,Learning & Education
125,"People, Work & Living Conditions"
126,"People, Work & Living Conditions"
127,"People, Work & Living Conditions"
128,Money & Markets
130,Health & Safety
131,Environment & Natural Resources and Production
132,"People, Work & Living Conditions"
133,Environment & Natural Resources and Production
135,"People, Work & Living Conditions"
136,Learning & Education
137,"People, Work & Living Conditions"
138,"People, Work & Living Conditions"
139,Living Well
140,"People, Work & Living Conditions"
141,"People, Work & Living Conditions"
142,"People, Work & Living Conditions"
143,"People, Work & Living Conditions"
144,"People, Work & Living Conditions"
145,Money & Markets
146,"People, Work & Living Conditions"
147,"People, Work & Living Conditions"
148,"People, Work & Living Conditions"
149,"People, Work & Living Conditions"
150,Learning & Education
151,Transports
152,Money & Markets
153,Money & Markets
154,Tech & Innovation
155,Tech & Innovation
158,Money & Markets
159,Money & Markets
160,Money & Markets
161,Money & Markets
162,Environment & Natural Resources and Production
163,Money & Markets
164,Money & Markets
165,Environment & Natural Resources and Production
166,Environment & Natural Resources and Production
167,Health & Safety
169,"People, Work & Living Conditions"
170,"People, Work & Living Conditions"
171,Money & Markets
172,Environment & Natural Resources and Production
173,Health & Safety
174,Environment & Natural Resources and Production
175,Health & Safety
176,Health & Safety
177,Tech & Innovation
178,"People, Work & Living Conditions"
179,Transports
180,Money & Markets
181,Tech & Innovation
182,Tech & Innovation
183,Money & Markets
184,Money & Markets
185,Environment & Natural Resources and Production
186,Money & Markets
187,Environment & Natural Resources and Production
189,Environment & Natural Resources and Production
190,Environment & Natural Resources and Production
192,Money & Markets
193,Money & Markets
194,Environment & Natural Resources and Production
195,Transports
196,Environment & Natural Resources and Production
197,Environment & Natural Resources and Production
198,Environment & Natural Resources and Production
199,Health & Safety
201,Money & Markets
202,Money & Markets
203,Environment & Natural Resources and Production
204,Environment & Natural Resources and Production
205,Environment & Natural Resources and Production
206,"People, Work & Living Conditions"
207,Environment & Natural Resources and Production
209,"People, Work & Living Conditions"
210,"People, Work & Living Conditions"
211,"People, Work & Living Conditions"
212,"People, Work & Living Conditions"
213,"People, Work & Living Conditions"
214,"People, Work & Living Conditions"
215,Health & Safety
216,"People, Work & Living Conditions"
217,"People, Work & Living Conditions"
218,Health & Safety
219,Environment & Natural Resources and Production
221,Learning & Education
222,Learning & Education
223,Environment & Natural Resources and Production
224,Tech & Innovation
225,Tech & Innovation
226,Environment & Natural Resources and Production
228,Transports
229,Transports
230,Transports
231,Money & Markets
232,Environment & Natural Resources and Production
233,Environment & Natural Resources and Production
234,Environment & Natural Resources and Production
236,Tech & Innovation
237,"People, Work & Living Conditions"
238,Money & Markets
239,"People, Work & Living Conditions"
240,"People, Work & Living Conditions"
241,Environment & Natural Resources and Production
242,Environment & Natural Resources and Production
243,"People, Work & Living Conditions"
244,Environment & Natural Resources and Production
245,Learning & Education
246,Environment & Natural Resources and Production
247,"People, Work & Living Conditions"
248,Environment & Natural Resources and Production
249,Transports
250,Environment & Natural Resources and Production
251,"People, Work & Living Conditions"
252,Money & Markets
253,Money & Markets
254,"People, Work & Living Conditions"
255,Environment & Natural Resources and Production
256,Environment & Natural Resources and Production
257,Learning & Education
259,Money & Markets
260,Money & Markets
261,Money & Markets
262,Money & Markets
263,Money & Markets
264,Money & Markets
265,"People, Work & Living Conditions"
266,Health & Safety
267,Money & Markets
268,Money & Markets
270,Environment & Natural Resources and Production
272,Health & Safety
273,Environment & Natural Resources and Production
274,Health & Safety
275,Environment & Natural Resources and Production
276,Environment & Natural Resources and Production
277,"People, Work & Living Conditions"
278,Transports
281,Environment & Natural Resources and Production
282,Environment & Natural Resources and Production
283,Money & Markets
284,Money & Markets
285,"People, Work & Living Conditions"
286,Money & Markets
287,Money & Markets
288,Environment & Natural Resources and Production
290,"People, Work & Living Conditions"
291,Health & Safety
292,"People, Work & Living Conditions"
293,Learning & Education
295,Money & Markets
297,Transports
298,Transports
299,Transports
300,Money & Markets
301,Environment & Natural Resources and Production
302,Learning & Education
303,Health & Safety
304,Health & Safety
306,Environment & Natural Resources and Production
307,Environment & Natural Resources and Production
308,Environment & Natural Resources and Production
309,Environment & Natural Resources and Production
310,Environment & Natural Resources and Production
312,Money & Markets
313,Transports
315,"People, Work & Living Conditions"
316,"People, Work & Living Conditions"
317,Environment & Natural Resources and Production
318,"People, Work & Living Conditions"
319,"People, Work & Living Conditions"
320,Living Well
322,Money & Markets
323,Money & Markets
324,Health & Safety
325,Money & Markets
326,Tech & Innovation
327,Health & Safety
328,Health & Safety
329,Health & Safety
330,Environment & Natural Resources and Production
331,Money & Markets
332,Money & Markets
333,Health & Safety
334,"People, Work & Living Conditions"
335,Health & Safety
336,Health & Safety
337,Health & Safety
339,Money & Markets
340,Money & Markets
341,"People, Work & Living Conditions"
342,"People, Work & Living Conditions"
343,"People, Work & Living Conditions"
344,Learning & Education
345,"People, Work & Living Conditions"
346,Transports
347,"People, Work & Living Conditions"
349,Money & Markets
350,Tech & Innovation
352,Money & Markets
353,Health & Safety
354,Money & Markets
355,Health & Safety
356,"People, Work & Living Conditions"
357,Tech & Innovation
358,Money & Markets
359,"People, Work & Living Conditions"
360,Environment & Natural Resources and Production
361,Health & Safety
362,"People, Work & Living Conditions"
363,"People, Work & Living Conditions"
364,"People, Work & Living Conditions"
365,"People, Work & Living Conditions"
366,Learning & Education
367,Learning & Education
368,"People, Work & Living Conditions"
369,"People, Work & Living Conditions"
370,Learning & Education
371,Learning & Education
372,"People, Work & Living Conditions"
373,Learning & Education
374,Learning & Education
375,Learning & Education
376,Learning & Education
377,Learning & Education
378,Learning & Education
379,Learning & Education
380,Learning & Education
381,Learning & Education
382,Money & Markets
383,Environment & Natural Resources and Production
384,"People, Work & Living Conditions"
385,"People, Work & Living Conditions"
386,"People, Work & Living Conditions"
387,Money & Markets
388,Environment & Natural Resources and Production
389,Money & Markets
390,Environment & Natural Resources and Production
391,Environment & Natural Resources and Production
392,Environment & Natural Resources and Production
393,Environment & Natural Resources and Production
395,Health & Safety
396,"People, Work & Living Conditions"
397,"People, Work & Living Conditions"
399,Money & Markets
400,Tech & Innovation
401,Money & Markets
402,Money & Markets
403,Money & Markets
404,Money & Markets
405,"People, Work & Living Conditions"
406,Environment & Natural Resources and Production
407,"People, Work & Living Conditions"
408,Tech & Innovation
409,Money & Markets
410,Money & Markets
411,Health & Safety
412,Transports
413,Environment & Natural Resources and Production
414,"People, Work & Living Conditions"
416,Money & Markets
417,Money & Markets
419,Learning & Education
420,"People, Work & Living Conditions"
422,Money & Markets
423,"People, Work & Living Conditions"
424,Environment & Natural Resources and Production
425,Money & Markets
426,Money & Markets
427,Money & Markets
429,"People, Work & Living Conditions"
430,"People, Work & Living Conditions"
431,Money & Markets
432,Learning & Education
433,Learning & Education
434,Learning & Education
435,"People, Work & Living Conditions"
436,"People, Work & Living Conditions"
437,Learning & Education
438,Money & Markets
439,Tech & Innovation
440,"People, Work & Living Conditions"
441,Money & Markets
442,Environment & Natural Resources and Production
443,Environment & Natural Resources and Production
444,Environment & Natural Resources and Production
445,"People, Work & Living Conditions"
446,"People, Work & Living Conditions"
448,"People, Work & Living Conditions"
449,"People, Work & Living Conditions"
450,"People, Work & Living Conditions"
451,"People, Work & Living Conditions"
452,"People, Work & Living Conditions"
453,Health & Safety
454,"People, Work & Living Conditions"
455,Health & Safety
456,"People, Work & Living Conditions"
457,"People, Work & Living Conditions"
458,"People, Work & Living Conditions"
460,"People, Work & Living Conditions"
461,Money & Markets
462,"People, Work & Living Conditions"
463,"People, Work & Living Conditions"
464,"People, Work & Living Conditions"
465,"People, Work & Living Conditions"
466,"People, Work & Living Conditions"
467,"People, Work & Living Conditions"
468,"People, Work & Living Conditions"
469,"People, Work & Living Conditions"
470,"People, Work & Living Conditions"
471,"People, Work & Living Conditions"
472,Money & Markets
473,"People, Work & Living Conditions"
474,"People, Work & Living Conditions"
475,"People, Work & Living Conditions"
476,"People, Work & Living Conditions"
477,"People, Work & Living Conditions"
478,"People, Work & Living Conditions"
479,"People, Work & Living Conditions"
480,"People, Work & Living Conditions"
481,"People, Work & Living Conditions"
482,"People, Work & Living Conditions"
483,"People, Work & Living Conditions"
484,"People, Work & Living Conditions"
485,"People, Work & Living Conditions"
486,"People, Work & Living Conditions"
487,"People, Work & Living Conditions"
488,"People, Work & Living Conditions"
489,"People, Work & Living Conditions"
490,Money & Markets
491,"People, Work & Living Conditions"
492,Environment & Natural Resources and Production
493,Transports
494,"People, Work & Living Conditions"
495,"People, Work & Living Conditions"
496,"People, Work & Living Conditions"
497,Money & Markets
498,"People, Work & Living Conditions"
499,"People, Work & Living Conditions"
500,Transports
502,Environment & Natural Resources and Production
503,Health & Safety
504,Environment & Natural Resources and Production
505,Environment & Natural Resources and Production
506,Environment & Natural Resources and Production
507,Environment & Natural Resources and Production
509,Environment & Natural Resources and Production
510,Environment & Natural Resources and Production
511,Environment & Natural Resources and Production
512,Money & Markets
513,Environment & Natural Resources and Production
514,Environment & Natural Resources and Production
515,Environment & Natural Resources and Production
516,Money & Markets
517,Money & Markets
518,Tech & Innovation
519,Money & Markets
520,Money & Markets
521,Money & Markets
522,Money & Markets
523,Money & Markets
524,Money & Markets
525,Money & Markets
526,Tech & Innovation
527,Money & Markets
528,Money & Markets
529,Money & Markets
530,Money & Markets
531,Money & Markets
532,Money & Markets
533,Money & Markets
534,Tech & Innovation
535,"People, Work & Living Conditions"
536,Money & Markets
537,Money & Markets
538,Money & Markets
539,Money & Markets
540,Environment & Natural Resources and Production
541,Money & Markets
542,Environment & Natural Resources and Production
543,Money & Markets
544,Environment & Natural Resources and Production
545,Environment & Natural Resources and Production
546,Money & Markets
547,Money & Markets
548,Money & Markets
549,Environment & Natural Resources and Production
550,Living Well
552,"People, Work & Living Conditions"
553,Money & Markets
554,Environment & Natural Resources and Production
555,Environment & Natural Resources and Production
556,Environment & Natural Resources and Production
557,Money & Markets
559,Money & Markets
560,Money & Markets
562,Money & Markets
564,Money & Markets
565,Tech & Innovation
566,Tech & Innovation
568,Health & Safety
569,Health & Safety
570,Health & Safety
571,Money & Markets
572,Learning & Education
573,Living Well
574,Health & Safety
575,Learning & Education
576,Living Well
577,Learning & Education
578,Transports
579,"People, Work & Living Conditions"
580,Transports
581,Living Well
582,"People, Work & Living Conditions"
583,Transports
584,Money & Markets
586,Money & Markets
587,Money & Markets
588,Money & Markets
589,Money & Markets
590,Money & Markets
591,Environment & Natural Resources and Production
592,Learning & Education
593,Money & Markets
594,Money & Markets
595,Money & Markets
596,Money & Markets
597,Money & Markets
598,Money & Markets
599,Environment & Natural Resources and Production
600,"People, Work & Living Conditions"
602,"People, Work & Living Conditions"
603,"People, Work & Living Conditions"
604,Environment & Natural Resources and Production
605,Environment & Natural Resources and Production
606,"People, Work & Living Conditions"
607,Environment & Natural Resources and Production
608,Environment & Natural Resources and Production
609,Environment & Natural Resources and Production
610,Health & Safety
611,Learning & Education
612,"People, Work & Living Conditions"
613,"People, Work & Living Conditions"
614,Learning & Education
615,"People, Work & Living Conditions"
616,"People, Work & Living Conditions"
617,Health & Safety
618,"People, Work & Living Conditions"
620,Money & Markets
622,"People, Work & Living Conditions"
623,"People, Work & Living Conditions"
624,Environment & Natural Resources and Production
625,Money & Markets
626,Money & Markets
627,Money & Markets
628,Money & Markets
629,Tech & Innovation
630,Money & Markets
631,"People, Work & Living Conditions"
632,Money & Markets
633,Money & Markets
634,Money & Markets
636,"People, Work & Living Conditions"
637,"People, Work & Living Conditions"
638,"People, Work & Living Conditions"
639,"People, Work & Living Conditions"
640,"People, Work & Living Conditions"
642,"People, Work & Living Conditions"
643,Learning & Education
644,"People, Work & Living Conditions"
645,Environment & Natural Resources and Production
646,Environment & Natural Resources and Production
647,Environment & Natural Resources and Production
648,Environment & Natural Resources and Production
650,Money & Markets
651,Environment & Natural Resources and Production
652,Learning & Education
653,Money & Markets
654,Money & Markets
655,Money & Markets
656,Money & Markets
657,Learning & Education
658,"People, Work & Living Conditions"
659,Environment & Natural Resources and Production
660,Learning & Education
662,Health & Safety
663,Money & Markets
665,Transports
666,Transports
667,Health & Safety
668,"People, Work & Living Conditions"
669,Health & Safety
670,Health & Safety
671,Living Well
672,Tech & Innovation
674,Environment & Natural Resources and Production
675,Environment & Natural Resources and Production
676,Environment & Natural Resources and Production
678,Environment & Natural Resources and Production
679,Environment & Natural Resources and Production
680,Transports
682,Environment & Natural Resources and Production
683,Environment & Natural Resources and Production
684,Environment & Natural Resources and Production
685,"People, Work & Living Conditions"
686,"People, Work & Living Conditions"
687,Learning & Education
688,Money & Markets
690,Money & Markets
691,Money & Markets
692,Money & Markets
693,Money & Markets
694,Money & Markets
695,Tech & Innovation
696,Environment & Natural Resources and Production
697,Money & Markets
698,Environment & Natural Resources and Production
699,"People, Work & Living Conditions"
700,"People, Work & Living Conditions"
701,Learning & Education
703,Learning & Education
704,Money & Markets
705,"People, Work & Living Conditions"
706,Money & Markets
707,Money & Markets
708,Money & Markets
709,"People, Work & Living Conditions"
711,Money & Markets
712,Money & Markets
714,Environment & Natural Resources and Production
715,Environment & Natural Resources and Production
716,"People, Work & Living Conditions"
717,Environment & Natural Resources and Production
718,Money & Markets
719,Environment & Natural Resources and Production
720,Environment & Natural Resources and Production
721,Transports
722,Transports
723,Money & Markets
724,Transports
725,Transports
726,Money & Markets
727,Money & Markets
728,Money & Markets
729,Money & Markets
730,Money & Markets
731,Money & Markets
732,Environment & Natural Resources and Production
733,Learning & Education
734,Learning & Education
735,Learning & Education
736,Learning & Education
737,Learning & Education
738,Environment & Natural Resources and Production
739,Environment & Natural Resources and Production
740,Environment & Natural Resources and Production
741,Environment & Natural Resources and Production
743,Money & Markets
744,Environment & Natural Resources and Production
745,Environment & Natural Resources and Production
746,Environment & Natural Resources and Production
747,Environment & Natural Resources and Production
749,Environment & Natural Resources and Production
750,Environment & Natural Resources and Production
751,Money & Markets
752,"People, Work & Living Conditions"
753,"People, Work & Living Conditions"
754,Tech & Innovation
755,Money & Markets
756,Money & Markets
757,Money & Markets
758,Money & Markets
759,Money & Markets
760,Environment & Natural Resources and Production
761,Environment & Natural Resources and Production
762,Money & Markets
763,Money & Markets
764,Transports
765,Money & Markets
766,Living Well
767,Money & Markets
768,Money & Markets
769,Money & Markets
770,Money & Markets
771,Money & Markets
772,Money & Markets
773,Money & Markets
774,Money & Markets
775,Money & Markets
776,Money & Markets
777,Money & Markets
778,Money & Markets
779,Money & Markets
780,Living Well
781,Money & Markets
783,"People, Work & Living Conditions"
784,Learning & Education
785,Tech & Innovation
786,Money & Markets
788,Money & Markets
789,Environment & Natural Resources and Production
790,Environment & Natural Resources and Production
791,Transports
792,Health & Safety
793,Health & Safety
794,Health & Safety
795,Health & Safety
796,Health & Safety
797,"People, Work & Living Conditions"
799,Health & Safety
800,Health & Safety
801,Environment & Natural Resources and Production
803,Money & Markets
804,Tech & Innovation
806,Money & Markets
807,Tech & Innovation
808,Money & Markets
809,Learning & Education
810,Tech & Innovation
811,Tech & Innovation
812,Environment & Natural Resources and Production
814,Environment & Natural Resources and Production
815,Environment & Natural Resources and Production
816,Health & Safety
817,Health & Safety
818,Health & Safety
819,Health & Safety
820,Health & Safety
822,"People, Work & Living Conditions"
823,Money & Markets
825,Learning & Education
827,"People, Work & Living Conditions"
828,"People, Work & Living Conditions"
829,Money & Markets
831,"People, Work & Living Conditions"
832,"People, Work & Living Conditions"
833,Environment & Natural Resources and Production
834,Money & Markets
835,Money & Markets
836,Money & Markets
837,Tech & Innovation
838,Tech & Innovation
839,"People, Work & Living Conditions"
840,"People, Work & Living Conditions"
841,"People, Work & Living Conditions"
842,Money & Markets
843,"People, Work & Living Conditions"
844,Tech & Innovation
845,Tech & Innovation
846,"People, Work & Living Conditions"
847,Health & Safety
848,"People, Work & Living Conditions"
849,"People, Work & Living Conditions"
850,"People, Work & Living Conditions"
851,"People, Work & Living Conditions"
852,Environment & Natural Resources and Production
853,Money & Markets
854,Tech & Innovation
855,"People, Work & Living Conditions"
856,"People, Work & Living Conditions"
858,Money & Markets
860,Tech & Innovation
861,"People, Work & Living Conditions"
862,Money & Markets
863,Money & Markets
865,Environment & Natural Resources and Production
866,Money & Markets
867,Money & Markets
868,Money & Markets
869,Money & Markets
870,Tech & Innovation
871,Tech & Innovation
872,Money & Markets
873,Environment & Natural Resources and Production
874,Environment & Natural Resources and Production
875,Money & Markets
876,Environment & Natural Resources and Production
877,Money & Markets
879,"People, Work & Living Conditions"
880,"People, Work & Living Conditions"
881,Health & Safety
882,"People, Work & Living Conditions"
883,"People, Work & Living Conditions"
884,"People, Work & Living Conditions"
885,"People, Work & Living Conditions"
886,"People, Work & Living Conditions"
887,Learning & Education
888,Health & Safety
890,"People, Work & Living Conditions"
891,Tech & Innovation
892,"People, Work & Living Conditions"
893,"People, Work & Living Conditions"
894,"People, Work & Living Conditions"
895,"People, Work & Living Conditions"
896,"People, Work & Living Conditions"
897,"People, Work & Living Conditions"
898,"People, Work & Living Conditions"
899,Environment & Natural Resources and Production
901,Health & Safety
902,Money & Markets
903,Tech & Innovation
904,Health & Safety
905,Tech & Innovation
906,Tech & Innovation
907,Tech & Innovation
908,Tech & Innovation
910,Environment & Natural Resources and Production
911,Money & Markets
913,Environment & Natural Resources and Production
914,Environment & Natural Resources and Production
915,Environment & Natural Resources and Production
916,Money & Markets
917,Environment & Natural Resources and Production
918,Money & Markets
919,Money & Markets
920,"People, Work & Living Conditions"
921,Health & Safety
922,Transports
923,Tech & Innovation
924,Money & Markets
925,Tech & Innovation
926,Tech & Innovation
927,Tech & Innovation
928,Environment & Natural Resources and Production
929,Tech & Innovation
930,Health & Safety
931,Environment & Natural Resources and Production
933,Money & Markets
934,Money & Markets
935,Tech & Innovation
936,Health & Safety
937,Money & Markets
938,Money & Markets
940,Money & Markets
941,Money & Markets
942,Money & Markets
943,Transports
944,Money & Markets
945,Money & Markets
946,Money & Markets
948,Money & Markets
949,Tech & Innovation
950,Tech & Innovation
951,Tech & Innovation
953,Money & Markets
954,Money & Markets
956,Money & Markets
957,"People, Work & Living Conditions"
958,Tech & Innovation
959,Tech & Innovation
960,Money & Markets
961,Transports
962,Money & Markets
963,Money & Markets
965,"People, Work & Living Conditions"
966,"People, Work & Living Conditions"
967,Money & Markets
968,Environment & Natural Resources and Production
969,"People, Work & Living Conditions"
970,"People, Work & Living Conditions"
971,"People, Work & Living Conditions"
972,"People, Work & Living Conditions"
973,"People, Work & Living Conditions"
974,"People, Work & Living Conditions"
975,"People, Work & Living Conditions"
976,"People, Work & Living Conditions"
977,"People, Work & Living Conditions"
978,Money & Markets
979,Environment & Natural Resources and Production
981,"People, Work & Living Conditions"
982,Tech & Innovation
983,Environment & Natural Resources and Production
984,Money & Markets
985,"People, Work & Living Conditions"
986,"People, Work & Living Conditions"
987,"People, Work & Living Conditions"
988,"People, Work & Living Conditions"
989,"People, Work & Living Conditions"
990,"People, Work & Living Conditions"
991,"People, Work & Living Conditions"
992,"People, Work & Living Conditions"
993,"People, Work & Living Conditions"
994,"People, Work & Living Conditions"
995,Environment & Natural Resources and Production
996,Environment & Natural Resources and Production
997,Environment & Natural Resources and Production
998,Environment & Natural Resources and Production
999,Environment & Natural Resources and Production
1000,Environment & Natural Resources and Production
1001,Learning & Education
1002,Health & Safety
1003,Environment & Natural Resources and Production
1004,Health & Safety
1005,Health & Safety
1006,Transports
1007,Transports
1008,Transports
1009,Transports
1010,Transports
1011,Transports
1013,Transports
1015,"People, Work & Living Conditions"
1016,Money & Markets
1017,Tech & Innovation
1018,"People, Work & Living Conditions"
1019,"People, Work & Living Conditions"
1021,Money & Markets
1022,Money & Markets
1023,Health & Safety
1024,Health & Safety
1025,"People, Work & Living Conditions"
1026,"People, Work & Living Conditions"
1027,Environment & Natural Resources and Production
1028,Learning & Education
1029,"People, Work & Living Conditions"
1030,Environment & Natural Resources and Production
1031,Environment & Natural Resources and Production
1033,"People, Work & Living Conditions"
1034,"People, Work & Living Conditions"
1035,Transports
1036,Money & Markets
1037,Money & Markets
1039,Money & Markets
1040,Environment & Natural Resources and Production
1041,Money & Markets
1042,Transports
1045,Money & Markets
1046,Health & Safety
1047,"People, Work & Living Conditions"
1048,"People, Work & Living Conditions"
1049,"People, Work & Living Conditions"
1050,"People, Work & Living Conditions"
1051,"People, Work & Living Conditions"
1052,Transports
1053,Transports
1054,Transports
1055,"People, Work & Living Conditions"
1057,Learning & Education
1058,"People, Work & Living Conditions"
1059,Money & Markets
1060,Money & Markets
1062,Money & Markets
1063,Money & Markets
1064,"People, Work & Living Conditions"
1065,"People, Work & Living Conditions"
1066,Environment & Natural Resources and Production
1067,"People, Work & Living Conditions"
1069,Environment & Natural Resources and Production
1070,Environment & Natural Resources and Production
1071,"People, Work & Living Conditions"
1072,Money & Markets
1073,Money & Markets
1074,Environment & Natural Resources and Production
1075,Money & Markets
1076,"People, Work & Living Conditions"
1078,"People, Work & Living Conditions"
1079,"People, Work & Living Conditions"
1080,Learning & Education
1081,"People, Work & Living Conditions"
1082,Environment & Natural Resources and Production
1083,Environment & Natural Resources and Production
1084,Money & Markets
1085,Environment & Natural Resources and Production
1086,Environment & Natural Resources and Production
1087,Transports
1088,Transports
1089,Transports
1090,Transports
1091,Transports
1093,Money & Markets
1094,Money & Markets
1095,Money & Markets
1096,"People, Work & Living Conditions"
1097,"People, Work & Living Conditions"
1098,"People, Work & Living Conditions"
1099,"People, Work & Living Conditions"
1100,"People, Work & Living Conditions"
1101,Environment & Natural Resources and Production
1102,Environment & Natural Resources and Production
1103,Environment & Natural Resources and Production
1104,Environment & Natural Resources and Production
1105,Money & Markets
1106,"People, Work & Living Conditions"
1108,"People, Work & Living Conditions"
1109,"People, Work & Living Conditions"
1110,Money & Markets
1111,Transports
1112,"People, Work & Living Conditions"
1113,"People, Work & Living Conditions"
1114,Environment & Natural Resources and Production
1115,"People, Work & Living Conditions"
1116,"People, Work & Living Conditions"
1117,"People, Work & Living Conditions"
1118,"People, Work & Living Conditions"
1119,"People, Work & Living Conditions"
1120,"People, Work & Living Conditions"
1121,"People, Work & Living Conditions"
1123,Health & Safety
1124,Health & Safety
1125,Tech & Innovation
1126,Money & Markets
1127,Money & Markets
1128,Environment & Natural Resources and Production
1130,Money & Markets
1131,Tech & Innovation
1132,"People, Work & Living Conditions"
1133,"People, Work & Living Conditions"
1134,Environment & Natural Resources and Production
1135,"People, Work & Living Conditions"
1136,Money & Markets
1138,Tech & Innovation
1139,Learning & Education
1141,Transports
1142,Transports
1144,Money & Markets
1145,Money & Markets
1147,Money & Markets
1148,Money & Markets
1150,"People, Work & Living Conditions"
1151,Money & Markets
1152,"People, Work & Living Conditions"
1153,Transports
1155,Money & Markets
1156,Tech & Innovation
1157,Transports
1158,Transports
1159,Transports
1161,"People, Work & Living Conditions"
1162,Money & Markets
1163,Money & Markets
1164,Environment & Natural Resources and Production
1165,Money & Markets
1166,Money & Markets
1167,Environment & Natural Resources and Production
1168,Environment & Natural Resources and Production
1169,Transports
1170,Money & Markets
1171,Transports
1172,"People, Work & Living Conditions"
1173,Environment & Natural Resources and Production
1174,Tech & Innovation
1175,Transports
1176,Transports
1177,Environment & Natural Resources and Production
1178,Environment & Natural Resources and Production
1179,Transports
1180,"People, Work & Living Conditions"
1183,Money & Markets
1184,Money & Markets
1185,Environment & Natural Resources and Production
1186,Learning & Education
1187,Money & Markets
1188,Environment & Natural Resources and Production
1189,Money & Markets
1190,"People, Work & Living Conditions"
1191,Living Well
1192,Money & Markets
1194,"People, Work & Living Conditions"
1195,"People, Work & Living Conditions"
1196,Money & Markets
1197,Transports
1199,Learning & Education
1200,Learning & Education
1201,Transports
1202,Transports
1203,Transports
1204,Transports
1205,Transports
1206,Transports
1207,Transports
1208,"People, Work & Living Conditions"
1209,Living Well
1210,Environment & Natural Resources and Production
1212,Environment & Natural Resources and Production
1213,Environment & Natural Resources and Production
1214,Environment & Natural Resources and Production
1215,"People, Work & Living Conditions"
1216,"People, Work & Living Conditions"
1217,Money & Markets
1218,"People, Work & Living Conditions"
1220,"People, Work & Living Conditions"
1221,Tech & Innovation
1222,Money & Markets
1223,Health & Safety
1225,Money & Markets
1226,Money & Markets
1227,Money & Markets
1228,Environment & Natural Resources and Production
1229,Money & Markets
1230,Health & Safety
1232,"People, Work & Living Conditions"
1233,"People, Work & Living Conditions"
1234,"People, Work & Living Conditions"
1235,Environment & Natural Resources and Production
1236,"People, Work & Living Conditions"
1237,Health & Safety
1238,Environment & Natural Resources and Production
1239,Health & Safety
1241,Money & Markets
1242,Money & Markets
1243,"People, Work & Living Conditions"
1244,"People, Work & Living Conditions"
1245,"People, Work & Living Conditions"
1246,Money & Markets
1248,Money & Markets
1250,Environment & Natural Resources and Production
1251,Environment & Natural Resources and Production
1252,Money & Markets
1253,Environment & Natural Resources and Production
1254,"People, Work & Living Conditions"
1255,Environment & Natural Resources and Production
1256,Environment & Natural Resources and Production
1257,Environment & Natural Resources and Production
1258,Environment & Natural Resources and Production
1259,Environment & Natural Resources and Production
1260,Environment & Natural Resources and Production
1261,Money & Markets
1262,Environment & Natural Resources and Production
1263,Money & Markets
1264,Environment & Natural Resources and Production
1265,"People, Work & Living Conditions"
1266,Money & Markets
1267,Money & Markets
1268,Environment & Natural Resources and Production
1269,"People, Work & Living Conditions"
1270,"People, Work & Living Conditions"
1272,Health & Safety
1273,Learning & Education
1274,"People, Work & Living Conditions"
1276,Environment & Natural Resources and Production
1277,Money & Markets
1279,Money & Markets
1280,Money & Markets
1281,Money & Markets
1283,"People, Work & Living Conditions"
1284,Living Well
1285,"People, Work & Living Conditions"
1286,Living Well
1287,"People, Work & Living Conditions"
1289,"People, Work & Living Conditions"
1290,Money & Markets
1291,Money & Markets
1292,Living Well
1293,Environment & Natural Resources and Production
1295,Learning & Education
1296,"People, Work & Living Conditions"
1297,"People, Work & Living Conditions"
1299,Learning & Education
1301,Learning & Education
1302,Learning & Education
1303,Learning & Education
1304,Living Well
1305,Living Well
1306,"People, Work & Living Conditions"
1307,Learning & Education
1308,Transports
1309,Transports
1310,Transports
1311,Transports
1313,Transports
1314,Transports
1315,Transports
1316,Transports
1317,Transports
1318,Transports
1319,Tech & Innovation
1321,Tech & Innovation
1322,Tech & Innovation
1323,Environment & Natural Resources and Production
1324,"People, Work & Living Conditions"
1325,"People, Work & Living Conditions"
1326,Health & Safety
1327,"People, Work & Living Conditions"
1328,Health & Safety
1329,"People, Work & Living Conditions"
1330,Health & Safety
1331,Health & Safety
1333,Tech & Innovation
1334,Living Well
1335,"People, Work & Living Conditions"
1337,Living Well
1338,Money & Markets
1339,Health & Safety
1340,Tech & Innovation
1341,"People, Work & Living Conditions"
1342,Money & Markets
1343,Environment & Natural Resources and Production
1346,"People, Work & Living Conditions"
1347,Health & Safety
1348,Money & Markets
1349,Health & Safety
1350,Living Well
1351,Environment & Natural Resources and Production
1352,"People, Work & Living Conditions"
1353,Health & Safety
1354,"People, Work & Living Conditions"
1355,Environment & Natural Resources and Production
1356,"People, Work & Living Conditions"
1357,"People, Work & Living Conditions"
1358,"People, Work & Living Conditions"
1359,"People, Work & Living Conditions"
1360,"People, Work & Living Conditions"
1361,"People, Work & Living Conditions"
1362,Living Well
1363,"People, Work & Living Conditions"
1364,Health & Safety
1366,"People, Work & Living Conditions"
1367,"People, Work & Living Conditions"
1368,"People, Work & Living Conditions"
1369,"People, Work & Living Conditions"
1370,"People, Work & Living Conditions"
1371,Health & Safety
1372,"People, Work & Living Conditions"
1374,Transports
1375,"People, Work & Living Conditions"
1376,"People, Work & Living Conditions"
1377,Health & Safety
1378,"People, Work & Living Conditions"
1379,"People, Work & Living Conditions"
1380,Tech & Innovation
1381,"People, Work & Living Conditions"
1382,"People, Work & Living Conditions"
1383,"People, Work & Living Conditions"
1384,Health & Safety
1385,Health & Safety
1386,"People, Work & Living Conditions"
1387,"People, Work & Living Conditions"
1388,"People, Work & Living Conditions"
1389,"People, Work & Living Conditions"
1390,"People, Work & Living Conditions"
1391,"People, Work & Living Conditions"
1392,"People, Work & Living Conditions"
1393,"People, Work & Living Conditions"
1395,"People, Work & Living Conditions"
1396,"People, Work & Living Conditions"
1397,Learning & Education
1398,Health & Safety
1399,Living Well
1400,Living Well
1401,"People, Work & Living Conditions"
1402,"People, Work & Living Conditions"
1403,Tech & Innovation
1404,Health & Safety
1406,"People, Work & Living Conditions"
1407,"People, Work & Living Conditions"
1408,"People, Work & Living Conditions"
1409,Health & Safety
1410,Health & Safety
1411,"People, Work & Living Conditions"
1412,Health & Safety
1413,Tech & Innovation
1414,Health & Safety
1415,"People, Work & Living Conditions"
1416,"People, Work & Living Conditions"
1417,"People, Work & Living Conditions"
1418,"People, Work & Living Conditions"
1419,"People, Work & Living Conditions"
1420,"People, Work & Living Conditions"
1421,"People, Work & Living Conditions"
1422,"People, Work & Living Conditions"
1423,"People, Work & Living Conditions"
1424,"People, Work & Living Conditions"
1425,"People, Work & Living Conditions"
1426,"People, Work & Living Conditions"
1427,Environment & Natural Resources and Production
1428,Environment & Natural Resources and Production
1431,Health & Safety
1432,Health & Safety
1433,Environment & Natural Resources and Production
1434,Environment & Natural Resources and Production
1435,Health & Safety
1436,Health & Safety
1437,Health & Safety
1439,Environment & Natural Resources and Production
1440,Environment & Natural Resources and Production
1441,Environment & Natural Resources and Production
1442,Environment & Natural Resources and Production
1443,Environment & Natural Resources and Production
1445,Health & Safety
1446,Health & Safety
1447,Environment & Natural Resources and Production
1448,"People, Work & Living Conditions"
1449,"People, Work & Living Conditions"
1450,"People, Work & Living Conditions"
1451,"People, Work & Living Conditions"
1452,"People, Work & Living Conditions"
1453,"People, Work & Living Conditions"
1454,Learning & Education
1455,"People, Work & Living Conditions"
1456,Environment & Natural Resources and Production
1457,Environment & Natural Resources and Production
1458,"People, Work & Living Conditions"
1459,"People, Work & Living Conditions"
1460,"People, Work & Living Conditions"
1461,"People, Work & Living Conditions"
1462,"People, Work & Living Conditions"
1463,"People, Work & Living Conditions"
1464,Learning & Education
1465,"People, Work & Living Conditions"
1466,"People, Work & Living Conditions"
1467,Health & Safety
1468,Environment & Natural Resources and Production
1469,"People, Work & Living Conditions"
1470,Learning & Education
1471,"People, Work & Living Conditions"
1472,"People, Work & Living Conditions"
1473,"People, Work & Living Conditions"
1474,Learning & Education
1475,Learning & Education
1476,"People, Work & Living Conditions"
1477,"People, Work & Living Conditions"
1478,Money & Markets
1479,"People, Work & Living Conditions"
1480,"People, Work & Living Conditions"
1481,Environment & Natural Resources and Production
1482,Money & Markets
1483,Environment & Natural Resources and Production
1484,"People, Work & Living Conditions"
1485,"People, Work & Living Conditions"
1486,Environment & Natural Resources and Production
1487,Transports
1488,Health & Safety
1490,Health & Safety
1491,Health & Safety
1492,"People, Work & Living Conditions"
1493,Money & Markets
1494,Health & Safety
1496,"People, Work & Living Conditions"
1497,Health & Safety
1498,Health & Safety
1499,"People, Work & Living Conditions"
1501,Money & Markets
1502,Environment & Natural Resources and Production
1503,Money & Markets
1505,Environment & Natural Resources and Production
1506,"People, Work & Living Conditions"
1507,Health & Safety
1508,Health & Safety
1509,Health & Safety
1510,Tech & Innovation
1512,Learning & Education
1513,"People, Work & Living Conditions"
1514,"People, Work & Living Conditions"
1515,Money & Markets
1516,Money & Markets
1518,Tech & Innovation
1519,Tech & Innovation
1520,Money & Markets
1521,Environment & Natural Resources and Production
1522,Tech & Innovation
1525,Environment & Natural Resources and Production
1526,Environment & Natural Resources and Production
1527,Environment & Natural Resources and Production
1528,Environment & Natural Resources and Production
1529,Money & Markets
1531,Environment & Natural Resources and Production
1532,Environment & Natural Resources and Production
1533,Environment & Natural Resources and Production
1534,Environment & Natural Resources and Production
1535,Environment & Natural Resources and Production
1536,Environment & Natural Resources and Production
1537,Money & Markets
1538,Environment & Natural Resources and Production
1539,Environment & Natural Resources and Production
1540,Environment & Natural Resources and Production
1541,Environment & Natural Resources and Production
1542,Environment & Natural Resources and Production
1543,Environment & Natural Resources and Production
1544,Money & Markets
1545,Money & Markets
1546,"People, Work & Living Conditions"
1547,"People, Work & Living Conditions"
1548,"People, Work & Living Conditions"
1549,"People, Work & Living Conditions"
1550,Environment & Natural Resources and Production
1551,"People, Work & Living Conditions"
1552,Environment & Natural Resources and Production
1553,Environment & Natural Resources and Production
1555,Health & Safety
1556,Living Well
1557,Learning & Education
1558,Learning & Education
1559,Tech & Innovation
1560,Money & Markets
1561,Money & Markets
1562,Environment & Natural Resources and Production
1563,Learning & Education
1564,Learning & Education
1565,Learning & Education
1566,"People, Work & Living Conditions"
1567,Environment & Natural Resources and Production
1568,Money & Markets
1570,Money & Markets
1571,Money & Markets
1572,Learning & Education
1573,Money & Markets
1574,Money & Markets
1575,"People, Work & Living Conditions"
1576,Tech & Innovation
1577,Transports
1578,Transports
1579,Transports
1581,Health & Safety
1582,Money & Markets
1584,Transports
1585,Transports
1586,Transports
1587,"People, Work & Living Conditions"
1588,Environment & Natural Resources and Production
1590,Learning & Education
1591,Learning & Education
1592,Learning & Education
1593,"People, Work & Living Conditions"
1594,Environment & Natural Resources and Production
1596,Money & Markets
1597,Money & Markets
1598,Money & Markets
1599,Money & Markets
1600,Tech & Innovation
1602,Money & Markets
1603,Tech & Innovation
1604,Money & Markets
1606,Money & Markets
1607,Money & Markets
1609,"People, Work & Living Conditions"
1610,"People, Work & Living Conditions"
1611,Health & Safety
1612,Environment & Natural Resources and Production
1613,Environment & Natural Resources and Production
1614,Environment & Natural Resources and Production
1616,"People, Work & Living Conditions"
1617,Money & Markets
1618,Tech & Innovation
1619,"People, Work & Living Conditions"
1620,Health & Safety
1621,"People, Work & Living Conditions"
1623,"People, Work & Living Conditions"
1624,"People, Work & Living Conditions"
1625,Health & Safety
1626,Health & Safety
1627,Money & Markets
1628,"People, Work & Living Conditions"
1630,Environment & Natural Resources and Production
1631,Environment & Natural Resources and Production
1632,Tech & Innovation
1634,"People, Work & Living Conditions"
1635,Learning & Education
1636,Tech & Innovation
1637,"People, Work & Living Conditions"
1638,Money & Markets
1639,"People, Work & Living Conditions"
1640,Environment & Natural Resources and Production
1642,Money & Markets
1643,Money & Markets
1644,Money & Markets
1645,Money & Markets
1646,Money & Markets
1647,Health & Safety
1648,Transports
1650,Health & Safety
1651,Health & Safety
1652,Transports
1653,Transports
1654,Transports
1655,Transports
1656,Transports
1657,Transports
1658,Transports
1659,Health & Safety
1660,Transports
1661,Transports
1662,Transports
1663,Environment & Natural Resources and Production
1665,Environment & Natural Resources and Production
1666,Environment & Natural Resources and Production
1667,Environment & Natural Resources and Production
1669,Money & Markets
1670,Money & Markets
1671,Tech & Innovation
1673,Money & Markets
1674,Money & Markets
1675,Environment & Natural Resources and Production
1676,Living Well
1677,"People, Work & Living Conditions"
1678,"People, Work & Living Conditions"
1680,Environment & Natural Resources and Production
1681,Environment & Natural Resources and Production
1682,Learning & Education
1683,Transports
1684,Learning & Education
1685,Transports
1687,Transports
1688,"People, Work & Living Conditions"
1690,Environment & Natural Resources and Production
1691,Environment & Natural Resources and Production
1692,Environment & Natural Resources and Production
1693,Money & Markets
1694,Tech & Innovation
1695,Tech & Innovation
1696,Health & Safety
1697,Health & Safety
1698,"People, Work & Living Conditions"
1699,"People, Work & Living Conditions"
1700,"People, Work & Living Conditions"
1701,Transports
1702,Health & Safety
1703,Health & Safety
1704,Health & Safety
1705,Health & Safety
1706,Health & Safety
1707,Health & Safety
1708,Health & Safety
1709,Learning & Education
1710,Environment & Natural Resources and Production
1711,Transports
1712,Money & Markets
1713,Money & Markets
1714,Money & Markets
1716,Money & Markets
1717,Money & Markets
1718,Money & Markets
1719,Money & Markets
1720,Money & Markets
1721,"People, Work & Living Conditions"
1722,"People, Work & Living Conditions"
1723,Health & Safety
1724,"People, Work & Living Conditions"
1726,Health & Safety
1727,Health & Safety
1728,Environment & Natural Resources and Production
1730,Environment & Natural Resources and Production
1731,"People, Work & Living Conditions"
1732,Money & Markets
1733,Money & Markets
1734,Money & Markets
1735,Tech & Innovation
1736,Transports
1737,"People, Work & Living Conditions"
1738,Learning & Education
1739,"People, Work & Living Conditions"
1740,Money & Markets
1741,Environment & Natural Resources and Production
1742,Money & Markets
1743,Money & Markets
1744,Money & Markets
1745,Environment & Natural Resources and Production
1746,"People, Work & Living Conditions"
1747,Environment & Natural Resources and Production
1748,Environment & Natural Resources and Production
1749,Environment & Natural Resources and Production
1750,Money & Markets
1751,Environment & Natural Resources and Production
1752,"People, Work & Living Conditions"
1753,Environment & Natural Resources and Production
1754,Environment & Natural Resources and Production
1755,Environment & Natural Resources and Production
1756,Learning & Education
1757,Environment & Natural Resources and Production
1758,"People, Work & Living Conditions"
1759,"People, Work & Living Conditions"
1760,Transports
1761,Environment & Natural Resources and Production
1762,"People, Work & Living Conditions"
1763,"People, Work & Living Conditions"
1764,Money & Markets
1765,Money & Markets
1766,"People, Work & Living Conditions"
1767,"People, Work & Living Conditions"
1768,Environment & Natural Resources and Production
1769,Environment & Natural Resources and Production
1770,"People, Work & Living Conditions"
1772,Transports
1773,Living Well
1774,"People, Work & Living Conditions"
1775,Environment & Natural Resources and Production
1776,Environment & Natural Resources and Production
1777,"People, Work & Living Conditions"
1778,Environment & Natural Resources and Production
1779,Health & Safety
1781,"People, Work & Living Conditions"
1782,Tech & Innovation
1784,"People, Work & Living Conditions"
1785,"People, Work & Living Conditions"
1786,Money & Markets
1788,Environment & Natural Resources and Production
1789,Environment & Natural Resources and Production
1790,Environment & Natural Resources and Production
1791,Tech & Innovation
1792,Money & Markets
1793,Money & Markets
1795,Environment & Natural Resources and Production
1796,Transports
1798,Health & Safety
1799,Health & Safety
1800,Health & Safety
1801,Health & Safety
1802,Money & Markets
1803,"People, Work & Living Conditions"
1805,Environment & Natural Resources and Production
1806,Transports
1807,Money & Markets
1808,Environment & Natural Resources and Production
1809,Money & Markets
1810,Tech & Innovation
1812,Environment & Natural Resources and Production
1813,"People, Work & Living Conditions"
1814,"People, Work & Living Conditions"
1815,Money & Markets
1816,Learning & Education
1817,Learning & Education
1818,Learning & Education
1819,Learning & Education
1820,Learning & Education
1821,Learning & Education
1822,"People, Work & Living Conditions"
1823,Money & Markets
1824,Environment & Natural Resources and Production
1825,Health & Safety
1826,Health & Safety
1827,"People, Work & Living Conditions"
1828,Environment & Natural Resources and Production
1829,Environment & Natural Resources and Production
1830,Environment & Natural Resources and Production
1831,Environment & Natural Resources and Production
1832,Money & Markets
1833,Environment & Natural Resources and Production
1834,Environment & Natural Resources and Production
1836,Health & Safety
1837,Health & Safety
1839,Health & Safety
1840,Health & Safety
1841,Money & Markets
1843,Environment & Natural Resources and Production
1845,Money & Markets
1846,Money & Markets
1847,"People, Work & Living Conditions"
1848,"People, Work & Living Conditions"
1850,Learning & Education
1851,Learning & Education
1852,Learning & Education
1854,Learning & Education
1855,Health & Safety
1856,"People, Work & Living Conditions"
1857,"People, Work & Living Conditions"
1858,"People, Work & Living Conditions"
1859,Money & Markets
1860,Transports
1861,Learning & Education
1863,Tech & Innovation
1864,Tech & Innovation
1865,"People, Work & Living Conditions"
1866,"People, Work & Living Conditions"
1867,Money & Markets
1868,"People, Work & Living Conditions"
1869,Living Well
1870,Living Well
1871,Living Well
1872,Living Well
1873,Transports
1875,"People, Work & Living Conditions"
1876,"People, Work & Living Conditions"
1877,Environment & Natural Resources and Production
1878,Money & Markets
1879,Learning & Education
1880,"People, Work & Living Conditions"
1881,Environment & Natural Resources and Production
1882,Money & Markets
1883,"People, Work & Living Conditions"
1884,Money & Markets
1885,Money & Markets
1886,Money & Markets
1887,Money & Markets
1888,"People, Work & Living Conditions"
1889,Transports
1890,"People, Work & Living Conditions"
1891,"People, Work & Living Conditions"
1892,"People, Work & Living Conditions"
1893,"People, Work & Living Conditions"
1894,Tech & Innovation
1895,Money & Markets
1896,"People, Work & Living Conditions"
1897,Living Well
1898,Transports
1899,Money & Markets
1900,Money & Markets
1901,Money & Markets
1902,Environment & Natural Resources and Production
1903,Money & Markets
1904,Money & Markets
1905,Money & Markets
1906,Money & Markets
1907,Money & Markets
1908,Transports
1910,Transports
1911,Transports
1912,Transports
1913,Environment & Natural Resources and Production
1914,Transports
1916,"People, Work & Living Conditions"
1917,Money & Markets
1919,"People, Work & Living Conditions"
1920,Learning & Education
1921,"People, Work & Living Conditions"
1922,Transports
1923,Transports
1924,Transports
1925,Transports
1926,Health & Safety
1927,Environment & Natural Resources and Production
1928,Tech & Innovation
1929,Living Well
1930,Transports
1931,Money & Markets
1933,"People, Work & Living Conditions"
1934,Tech & Innovation
1935,Money & Markets
1937,Money & Markets
1938,Tech & Innovation
1939,Money & Markets
1940,Environment & Natural Resources and Production
1941,Money & Markets
1943,"People, Work & Living Conditions"
1944,Money & Markets
1945,"People, Work & Living Conditions"
1947,Health & Safety
1948,Environment & Natural Resources and Production
1949,"People, Work & Living Conditions"
1950,"People, Work & Living Conditions"
1951,"People, Work & Living Conditions"
1952,"People, Work & Living Conditions"
1953,"People, Work & Living Conditions"
1954,"People, Work & Living Conditions"
1955,"People, Work & Living Conditions"
1956,Money & Markets
1957,Money & Markets
1958,Money & Markets
1959,Tech & Innovation
1960,Transports
1961,Environment & Natural Resources and Production
1963,Environment & Natural Resources and Production
1964,Tech & Innovation
1965,Tech & Innovation
1966,Health & Safety
1967,Tech & Innovation
1968,Environment & Natural Resources and Production
1969,Money & Markets
1970,Tech & Innovation
1971,Money & Markets
1972,"People, Work & Living Conditions"
1973,Environment & Natural Resources and Production
1974,Money & Markets
1975,Health & Safety
1976,Money & Markets
1979,Money & Markets
1980,Money & Markets
1981,Money & Markets
1983,Environment & Natural Resources and Production
1984,Environment & Natural Resources and Production
1985,Transports
1986,Transports
1987,Transports
1989,Health & Safety
1991,Health & Safety
1992,Health & Safety
1993,Environment & Natural Resources and Production
1994,Transports
1995,Transports
1996,Learning & Education
1997,Transports
1998,Environment & Natural Resources and Production
1999,Transports
2000,Health & Safety
2002,Environment & Natural Resources and Production
2003,Environment & Natural Resources and Production
2004,Environment & Natural Resources and Production
2005,Environment & Natural Resources and Production
2006,Environment & Natural Resources and Production
2007,Environment & Natural Resources and Production
2008,Environment & Natural Resources and Production
2009,Environment & Natural Resources and Production
2010,Learning & Education
2011,Money & Markets
2013,"People, Work & Living Conditions"
2014,"People, Work & Living Conditions"
2015,Money & Markets
2016,Environment & Natural Resources and Production
2017,Tech & Innovation
2018,Money & Markets
2019,Environment & Natural Resources and Production
2020,Health & Safety
2022,"People, Work & Living Conditions"
2023,"People, Work & Living Conditions"
2024,Health & Safety
2025,"People, Work & Living Conditions"
2026,"People, Work & Living Conditions"
2027,"People, Work & Living Conditions"
2028,"People, Work & Living Conditions"
2029,"People, Work & Living Conditions"
2030,"People, Work & Living Conditions"
2031,"People, Work & Living Conditions"
